SL,"Top trending topics 
name","Top trending topics 
Score","Top search trends 
topics","Top search trends 
Volume","Top Marketing trends 
topics","Top Marketing trends 
Score","Top Real Estate trends 
topics","Top Real Estate trends 
Score","Top Ecommerce trends
topic","Top Ecommerce trends 
Score","Top Investment trends 
topics ","Top Investment trends 
Score"," Top Small business trends 
topics"," Top Small business trends 
Score","Top Healthcare trends  
topics",Top Healthcare trends Score,"Top Travel trends 
topics ","Top Travel trends 
Score"
1,walmart,100,humane society,498022,google marketing,100,sale real estate,100,wordpress ecommerce,100,investment news,100,free website for small business,100,zo skin health,100,travel channel,100
2,home depot,66,oscar isaac,497333,affiliate marketing,95,real estate usa,79,squarespace ecommerce,49,fidelity investments,83,small business administrator,58,united health care,24,travelocity,57
3,amazon prime,43,netflix stock,497333,google marketing platform,84,real estate websites,64,shopify ecommerce,49,cryptocurrency investments,57,free website builder for small business,50,united healthcare,21,travel website,29
4,best buy,35,abraham lincoln,497179,what is marketing management,75,real estate for sale,50,dhl ecommerce,38,investment calculator,54,small business loans,45,mental health therapists near me,21,travel booking,21
5,old navy,35,national car rental,497000,digital marketing course,73,real estate companies near me,27,ecommerce business,31,sec investment advisor search,49,best free website builder for small business,42,mental health therapy,17,travel sites,19
6,etsy,31,at home covid test,496722,branding in marketing,72,colorado real estate,23,what is ecommerce,24,investment broker,44,small business news,40,public health services,13,costco travel,15
7,covid vaccine near me,31,khloé kardashian,496375,digital marketing,70,real estate agency near me,15,ecommerce website,20,investment property for sale,37,small business for sale,39,healthline,13,gov uk travel,12
8,h&m,29,target baby registry,495375,hubspot marketing,48,real estate broker near me,14,ecommerce store,16,rental property investment,36,small business assistance,37,world health organization covid,12,travel state gov,10
9,nfl scores,28,north carolina,495189,email marketing software,45,real estate agent,13,ecommerce company,15,art investment,31,small business saturday 2020,36,world health organization latest news,11,booking travel,9
10,canva,28,chili recipe,495187,social media marketing,38,real estate licenses,11,ecommerce platform,15,cryptocurrency investment,30,grants for small businesses,35,health and human services agency,11,travelers insurance,8
11,google maps,28,colin powell,495000,international marketing,36,commercial real estate,10,ecommerce platforms,13,investment advisor search,29,small business grants,35,national health institute,11,travel restrictions by country,7
12,google classroom,27,anthony davis,494600,email marketing platforms,32,real estate agencies,10,ecommerce business for sale,13,investment activities,28,small business administration,31,mental health therapy near me,10,travel advisory,6
13,speed test,27,paris hilton,494526,free email marketing,29,licensed real estate,9,ecommerce websites,12,crowdfunding investment,27,small business administration loan,29,healthiest snack,10,travel leisure,6
14,instagram lite,27,julia garner,494000,digital marketing agency,28,real estate agent job description,9,ecommerce website development,8,investment app,27,small business loan,28,healthy snacking,9,state department travel,6
15,framed jerseys,26,camila cabello,494000,marketing jobs,27,coldwell banker real estate listings,9,ecommerce website builder,7,investment firms near me,24,small business ideas,24,healthier foods,8,safe travels hawaii,6
16,party city,26,elizabeth warren,493214,affiliate marketing amazon,24,real estate licensee,8,ecommerce companies,6,investment properties,23,small business grant,23,health and human services commission,8,cdc travel advisory map,6
17,bank of america,26,miles teller,493000,influencer marketing agency,23,real estate broker,8,ecommerce website free,5,investments in stocks,21,small business insurance,21,aya healthcare,7,state department travel advisory covid,5
18,shopee vn,26,cameron diaz,492857,marketing agency,22,real estate companies,8,wix ecommerce,5,real estate investments trusts,19,small business website builder,21,national institutes of health nih,7,us travel advisory,4
19,bitcoin price,26,lake tahoe,492419,digital marketing agencies,18,real estate investments trusts,8,ecommerce website design,5,investment banking companies,16,small business support,16,health department,7,trusted traveler login,4
20,atlanta falcons,25,tom hiddleston,492000,marketing research,18,real estate listings,8,ecommerce stores,4,investment companies,14,small business resources,16,healthier food,7,hawaii safe travels,4
21,cool math games,23,blaze pizza,491833,marketing strategy,17,property real estate,8,ecommerce seo,4,infrastructure investment and jobs act,13,small business saturday,16,health equity,7,safe travel usa,4
22,sports memorabilia store,23,pet finder,491586,marketing content,16,real estate licensees,8,magento ecommerce,4,investment property,13,small business loans covid-19,15,behavioral health therapist,7,travellers advice,4
23,buffer,22,europa league,491533,content marketing,16,century 21 real estate,7,ecommerce solutions,3,startup investment,12,small business loans california,15,mental health,6,new orleans travel restrictions,4
24,disneyland,20,tyreek hill,491000,marketing platform,15,compass real estate,7,ecommerce marketing,3,fisher investments,12,small business insurance cost,15,health insurers,6,travel restrictions by state,3
25,trade a plane,20,full moon,490025,marketing mix,15,utah real estate,7,ecommerce marketers,3,commercial real estate investment,12,ppp small business loans,14,health insurance,6,us state department travel advisory,3
26,hulu,20,chase credit card,490000,free marketing,13,hilton head real estate,6,ecommerce sites,3,investment apps,12,small business it solutions,14,texas health and human services,5,travel ban,3
27,esl csgo,20,dunkin donuts menu,490000,marketing analytics,12,real estate search,6,ecommerce web design,2,investment bank,11,small business websites,13,google health,5,travel insurance,3
28,irs,20,tina turner,490000,marketing strategies,12,dubai real estate,6,ecommerce website designs,2,investment banking,11,black owned small businesses,12,verywell health,5,us travel ban update today,3
29,thrift books,19,meme generator,490000,marketing managers,12,real estate property,5,b2b ecommerce,2,financial investment,8,small business week,12,mental health websites,5,travel and leisure,3
30,bill skarsgård,19,tonsil stones,489333,network marketing,12,real estate rent,5,ecommerce software,2,investment accounts,8,small business insurance for llc,12,department of health,5,is it safe to travel to europe now,3
31,thomas rhett,19,bed bug bites,489333,inbound marketing,10,real estate investing,5,ecommerce development,2,stock investments,8,small business loans covid,11,health and human services san diego,5,travel advisory map,3
32,robert half talent solutions,19,intermittent fasting,489038,digital marketing certification,10,real estate express,5,ecommerce jobs,2,real estate investment trusts,8,how to start a small business,10,molina healthcare,5,cdc travel quarantine guidelines,3
33,bombas socks,19,outlet mall,489000,marketing funnel,10,kelly williams real estate,5,ecommerce agency,2,investment platform,8,buying a small business,10,health foods,5,travel websites,3
34,social economic,19,washington dc,488875,marketing tool,10,wake county real estate,5,best ecommerce website builder,1,401k investments,8,small business insurance quotes,9,healthy dinner ideas,4,cdc travel advisory,3
35,stefon diggs,19,college football schedule,488238,b2b marketing,10,invest in real estate online,5,what is ecommerce business,1,best investment accounts,7,t mobile 5g small business internet price,9,health screening,4,google travel,3
36,puffco,19,delta dental,487931,strategic marketing,10,online real estate,4,starting an ecommerce business,1,investment company,7,starting a small business,8,health departments,4,travelzoo,2
37,wework,19,qr code generator,487208,targeted marketing,9,real estate investors near me,4,dhl ecommerce tracking number,1,best investment apps,6,covid-19 small business grant,8,healthpartners,4,travelocity flights,2
38,women day,19,currency converter,487000,influencer marketing,9,mls real estate,4,ecommerce agencies,1,investment banker,6,small business owner,7,national institute of health,4,travel magazine,2
39,shein,19,pluto tv,486842,marketing plans,9,mark spain real estate,4,seo ecommerce,1,investment management morgan stanley,6,local small businesses,7,mental health counselor,4,travel reviews,2
40,dyson hair dryer,19,kurt cobain,486363,target marketing,9,real estate investment trusts,4,ecommerce services,1,fidelity investments stock,5,start a small business,6,recipes healthy,4,trusted traveler,2
41,gold gym,19,snake eyes,486333,affiliate marketing program,8,real estate agents salary,4,ecommerce seo services,1,crowdfunded real estate investment,5,small business accounting,6,health magazine,4,kayak travel,2
42,sprinkles cupcake,18,eddie murphy,485400,search engine marketing,8,real estate attorney,4,ecommerce fulfillment,1,seed investment,5,small business accounting software,6,healthgrades,4,travel insurance company,2
43,persona vitamins,18,web md,485333,digital marketing companies,8,how to become a real estate agent,4,ecommerce seo agency,1,company investment,4,small business health insurance,6,cnn health,4,where can americans travel,2
44,max fried,18,korean bbq,485250,influence marketing,8,find a real estate agent,3,ecommerce trends,1,manage investments,4,small business funding,6,healthcare,4,international travels,2
45,instagram face filters,18,ryan gosling,484307,digital marketing salary,7,wholesale real estate,3,ecommerce marketing agency,1,investment in farmland,4,small business financing,5,mental health counselors,3,travel to the usa,2
46,barstool sports pizza,18,wheel of fortune,483878,affiliate marketing definition,7,top real estate sites,3,ecommerce website design company,0,investment accounting,4,small business start up grants,5,health foods stores,3,best travel site,2
47,crocs shoes,18,weather tech,483333,online marketing services,7,denver colorado real estate,3,ecommerce seo company,0,online real estate investment,4,support small businesses,5,healthy breakfast ideas,3,domestic travel restrictions,1
48,entertainment earth,18,military time,483333,social media marketing services,7,sotheby real estate,3,top ecommerce companies,0,return on an investment,3,small business marketing,5,healthcare news,3,scotland travel,1
49,beauty bay,18,carson wentz,483333,affiliate marketing programs,6,real estate investment trust,3,ecommerce trend,0,investment return calculator,3,small business credit cards,5,mental health journal,3,traveling to india,1
50,seo in guk,18,john travolta,483333,type of marketing,6,real estate brokerage,3,ecommerce web development,0,real estate investment for beginners,3,women owned small business,5,public health department,3,canada travel restrictions,1
51,bmw motorrad,18,flight club,483333,facebook marketing,6,,,,,,,,,,,,
52,ardell lashes,18,nike blazers,483333,growth marketing,6,,,,,,,,,,,,
53,sprinkles cupcakes,18,remove the background,483333,social media marketing strategy,6,,,,,,,,,,,,
54,nail extensions,18,kodak black,483333,director of marketing salary,6,,,,,,,,,,,,
55,tony stewart,18,melissa mccarthy,483333,marketing sales,6,,,,,,,,,,,,
56,flamingo estate,18,ncaa basketball scores,483333,business marketing,6,,,,,,,,,,,,
57,hello kitty cafe,18,nicolas cage,483333,remote marketing jobs,6,,,,,,,,,,,,
58,essentials clothing,18,student loans,483274,channels marketing,6,,,,,,,,,,,,
59,frank body,18,paw patrol,483037,salesforce marketing cloud,6,,,,,,,,,,,,
60,rihanna 2021,18,halo infinite,482950,digital marketing jobs,6,,,,,,,,,,,,
61,yanko design,18,liam neeson,481142,digital marketing strategy,6,,,,,,,,,,,,
62,tattoo for boys,18,at&t login,481000,marketing plan template,6,,,,,,,,,,,,
63,tech deck,18,unitedhealthcare,480633,marketing consultant,6,,,,,,,,,,,,
64,nike usa,18,muhammad ali,479851,marketing product,5,,,,,,,,,,,,
65,los angeles police department,18,regina king,479500,marketing business,5,,,,,,,,,,,,
66,gold belly,18,used cars for sale,479411,concept of marketing,5,,,,,,,,,,,,
67,elena rybakina,18,real real,479000,product marketing,5,,,,,,,,,,,,
68,katrina kaif instagram,18,bob ross,478909,marketing experience,5,,,,,,,,,,,,
69,sean avery,18,kandi burruss,478833,integrated marketing,5,,,,,,,,,,,,
70,sunday bmx,18,xfinity mobile,478571,marketing campaigns,5,,,,,,,,,,,,
71,jannik sinner,18,ashton kutcher,478571,marketing automation,4,,,,,,,,,,,,
72,streetwear official,18,jeffrey dahmer,478200,marketing internships,4,,,,,,,,,,,,
73,dank memes,18,google ads,477039,degree in marketing,4,,,,,,,,,,,,
74,opendoor,17,black screen,476235,video marketing,4,,,,,,,,,,,,
75,yahoo finance,17,jason statham,476222,types of marketing,4,,,,,,,,,,,,
76,indeed jobs,16,big bang theory,476222,small business marketing,4,,,,,,,,,,,,
77,market watch,15,san diego,475767,marketing major,4,,,,,,,,,,,,
78,tea cooper,15,passport application,475000,performance marketing,4,,,,,,,,,,,,
79,ikea,15,express scripts,475000,content marketing institute,4,,,,,,,,,,,,
80,domino pizza,15,reverse phone lookup,475000,email marketing services,4,,,,,,,,,,,,
81,dow jones,15,vimeo,475000,franchise marketing agency,4,,,,,,,,,,,,
82,tesla motors,15,liverpool fc,473600,marketing software,3,,,,,,,,,,,,
83,gamestop,14,carrie underwood,473600,ppc marketing,3,,,,,,,,,,,,
84,airbnb,14,thredup,473500,marketing services,3,,,,,,,,,,,,
85,coinbase,13,shoes carnival,473500,marketing concept,3,,,,,,,,,,,,
86,credit karma,13,avis car rental,472222,marketing planning,3,,,,,,,,,,,,
87,bitcoin price usd,12,memphis grizzlies,471615,social media marketing jobs,3,,,,,,,,,,,,
88,facebook marketplace,12,ipad pro,471243,marketing channels,3,,,,,,,,,,,,
89,rv gps,12,habitat for humanity,470833,social media marketing plan,3,,,,,,,,,,,,
90,pagespeed insights,12,tyler the creator,470000,marketing campaign,3,,,,,,,,,,,,
91,website builder free,12,kelly clarkson,470000,what is marketing in business,3,,,,,,,,,,,,
92,latest news,12,whitney houston,469875,marketing and sales,3,,,,,,,,,,,,
93,amazon smile,12,nike outlet,469812,account based marketing,3,,,,,,,,,,,,
94,shopify exchange,12,hardware stores,469744,influencer marketing hub,3,,,,,,,,,,,,
95,us department of energy,12,cedar point,469666,channel marketing,3,,,,,,,,,,,,
96,hotel websites,12,sylvester stallone,468181,marketing agencies,3,,,,,,,,,,,,
97,united states president,12,lord of the rings,468181,internet marketing company,3,,,,,,,,,,,,
98,stock market live,12,cheapest flight,467200,marketing ideas for small business,2,,,,,,,,,,,,
99,cryptocurrency,12,dancing with the stars,467111,content marketing strategy,2,,,,,,,,,,,,
100,finance news,12,silver prices,467100,product marketing manager,2,,,,,,,,,,,,
