Top trending topics name;Top search trends topics;Top Marketing trends topics;Top Real Estate trends topics;Top Ecommerce trends topic;Top Investment trends topics ; Top Small business trends topics;Top Healthcare trends topics;Top Travel trends topics 
walmart;humane society;google marketing;sale real estate;wordpress ecommerce;investment news;free website for small business;zo skin health;travel channel
home depot;oscar isaac;affiliate marketing;real estate usa;squarespace ecommerce;fidelity investments;small business administrator;united health care;travelocity
amazon prime;netflix stock;google marketing platform;real estate websites;shopify ecommerce;cryptocurrency investments;free website builder for small business;united healthcare;travel website
best buy;abraham lincoln;what is marketing management;real estate for sale;dhl ecommerce;investment calculator;small business loans;mental health therapists near me;travel booking
old navy;national car rental;digital marketing course;real estate companies near me;ecommerce business;sec investment advisor search;best free website builder for small business;mental health therapy;travel sites
etsy;at home covid test;branding in marketing;colorado real estate;what is ecommerce;investment broker;small business news;public health services;costco travel
covid vaccine near me;khloé kardashian;digital marketing;real estate agency near me;ecommerce website;investment property for sale;small business for sale;healthline;gov uk travel
h&m;target baby registry;hubspot marketing;real estate broker near me;ecommerce store;rental property investment;small business assistance;world health organization covid;travel state gov
nfl scores;north carolina;email marketing software;real estate agent;ecommerce company;art investment;small business saturday 2020;world health organization latest news;booking travel
canva;chili recipe;social media marketing;real estate licenses;ecommerce platform;cryptocurrency investment;grants for small businesses;health and human services agency;travelers insurance
google maps;colin powell;international marketing;commercial real estate;ecommerce platforms;investment advisor search;small business grants;national health institute;travel restrictions by country
google classroom;anthony davis;email marketing platforms;real estate agencies;ecommerce business for sale;investment activities;small business administration;mental health therapy near me;travel advisory
speed test;paris hilton;free email marketing;licensed real estate;ecommerce websites;crowdfunding investment;small business administration loan;healthiest snack;travel leisure
instagram lite;julia garner;digital marketing agency;real estate agent job description;ecommerce website development;investment app;small business loan;healthy snacking;state department travel
framed jerseys;camila cabello;marketing jobs;coldwell banker real estate listings;ecommerce website builder;investment firms near me;small business ideas;healthier foods;safe travels hawaii
party city;elizabeth warren;affiliate marketing amazon;real estate licensee;ecommerce companies;investment properties;small business grant;health and human services commission;cdc travel advisory map
bank of america;miles teller;influencer marketing agency;real estate broker;ecommerce website free;investments in stocks;small business insurance;aya healthcare;state department travel advisory covid
shopee vn;cameron diaz;marketing agency;real estate companies;wix ecommerce;real estate investments trusts;small business website builder;national institutes of health nih;us travel advisory
bitcoin price;lake tahoe;digital marketing agencies;real estate investments trusts;ecommerce website design;investment banking companies;small business support;health department;trusted traveler login
atlanta falcons;tom hiddleston;marketing research;real estate listings;ecommerce stores;investment companies;small business resources;healthier food;hawaii safe travels
cool math games;blaze pizza;marketing strategy;property real estate;ecommerce seo;infrastructure investment and jobs act;small business saturday;health equity;safe travel usa
sports memorabilia store;pet finder;marketing content;real estate licensees;magento ecommerce;investment property;small business loans covid-19;behavioral health therapist;travellers advice
buffer;europa league;content marketing;century 21 real estate;ecommerce solutions;startup investment;small business loans california;mental health;new orleans travel restrictions
disneyland;tyreek hill;marketing platform;compass real estate;ecommerce marketing;fisher investments;small business insurance cost;health insurers;travel restrictions by state
trade a plane;full moon;marketing mix;utah real estate;ecommerce marketers;commercial real estate investment;ppp small business loans;health insurance;us state department travel advisory
hulu;chase credit card;free marketing;hilton head real estate;ecommerce sites;investment apps;small business it solutions;texas health and human services;travel ban
esl csgo;dunkin donuts menu;marketing analytics;real estate search;ecommerce web design;investment bank;small business websites;google health;travel insurance
irs;tina turner;marketing strategies;dubai real estate;ecommerce website designs;investment banking;black owned small businesses;verywell health;us travel ban update today
thrift books;meme generator;marketing managers;real estate property;b2b ecommerce;financial investment;small business week;mental health websites;travel and leisure
bill skarsgård;tonsil stones;network marketing;real estate rent;ecommerce software;investment accounts;small business insurance for llc;department of health;is it safe to travel to europe now
thomas rhett;bed bug bites;inbound marketing;real estate investing;ecommerce development;stock investments;small business loans covid;health and human services san diego;travel advisory map
robert half talent solutions;intermittent fasting;digital marketing certification;real estate express;ecommerce jobs;real estate investment trusts;how to start a small business;molina healthcare;cdc travel quarantine guidelines
bombas socks;outlet mall;marketing funnel;kelly williams real estate;ecommerce agency;investment platform;buying a small business;health foods;travel websites
social economic;washington dc;marketing tool;wake county real estate;best ecommerce website builder;401k investments;small business insurance quotes;healthy dinner ideas;cdc travel advisory
stefon diggs;college football schedule;b2b marketing;invest in real estate online;what is ecommerce business;best investment accounts;t mobile 5g small business internet price;health screening;google travel
puffco;delta dental;strategic marketing;online real estate;starting an ecommerce business;investment company;starting a small business;health departments;travelzoo
wework;qr code generator;targeted marketing;real estate investors near me;dhl ecommerce tracking number;best investment apps;covid-19 small business grant;healthpartners;travelocity flights
women day;currency converter;influencer marketing;mls real estate;ecommerce agencies;investment banker;small business owner;national institute of health;travel magazine
shein;pluto tv;marketing plans;mark spain real estate;seo ecommerce;investment management morgan stanley;local small businesses;mental health counselor;travel reviews
dyson hair dryer;kurt cobain;target marketing;real estate investment trusts;ecommerce services;fidelity investments stock;start a small business;recipes healthy;trusted traveler
gold gym;snake eyes;affiliate marketing program;real estate agents salary;ecommerce seo services;crowdfunded real estate investment;small business accounting;health magazine;kayak travel
sprinkles cupcake;eddie murphy;search engine marketing;real estate attorney;ecommerce fulfillment;seed investment;small business accounting software;healthgrades;travel insurance company
persona vitamins;web md;digital marketing companies;how to become a real estate agent;ecommerce seo agency;company investment;small business health insurance;cnn health;where can americans travel
max fried;korean bbq;influence marketing;find a real estate agent;ecommerce trends;manage investments;small business funding;healthcare;international travels
instagram face filters;ryan gosling;digital marketing salary;wholesale real estate;ecommerce marketing agency;investment in farmland;small business financing;mental health counselors;travel to the usa
barstool sports pizza;wheel of fortune;affiliate marketing definition;top real estate sites;ecommerce website design company;investment accounting;small business start up grants;health foods stores;best travel site
crocs shoes;weather tech;online marketing services;denver colorado real estate;ecommerce seo company;online real estate investment;support small businesses;healthy breakfast ideas;domestic travel restrictions
entertainment earth;military time;social media marketing services;sotheby real estate;top ecommerce companies;return on an investment;small business marketing;healthcare news;scotland travel
beauty bay;carson wentz;affiliate marketing programs;real estate investment trust;ecommerce trend;investment return calculator;small business credit cards;mental health journal;traveling to india
seo in guk;john travolta;type of marketing;real estate brokerage;ecommerce web development;real estate investment for beginners;women owned small business;public health department;canada travel restrictions
bmw motorrad;flight club;facebook marketing;;;;;;
ardell lashes;nike blazers;growth marketing;;;;;;
sprinkles cupcakes;remove the background;social media marketing strategy;;;;;;
nail extensions;kodak black;director of marketing salary;;;;;;
tony stewart;melissa mccarthy;marketing sales;;;;;;
flamingo estate;ncaa basketball scores;business marketing;;;;;;
hello kitty cafe;nicolas cage;remote marketing jobs;;;;;;
essentials clothing;student loans;channels marketing;;;;;;
frank body;paw patrol;salesforce marketing cloud;;;;;;
rihanna 2021;halo infinite;digital marketing jobs;;;;;;
yanko design;liam neeson;digital marketing strategy;;;;;;
tattoo for boys;at&t login;marketing plan template;;;;;;
tech deck;unitedhealthcare;marketing consultant;;;;;;
nike usa;muhammad ali;marketing product;;;;;;
los angeles police department;regina king;marketing business;;;;;;
gold belly;used cars for sale;concept of marketing;;;;;;
elena rybakina;real real;product marketing;;;;;;
katrina kaif instagram;bob ross;marketing experience;;;;;;
sean avery;kandi burruss;integrated marketing;;;;;;
sunday bmx;xfinity mobile;marketing campaigns;;;;;;
jannik sinner;ashton kutcher;marketing automation;;;;;;
streetwear official;jeffrey dahmer;marketing internships;;;;;;
dank memes;google ads;degree in marketing;;;;;;
opendoor;black screen;video marketing;;;;;;
yahoo finance;jason statham;types of marketing;;;;;;
indeed jobs;big bang theory;small business marketing;;;;;;
market watch;san diego;marketing major;;;;;;
tea cooper;passport application;performance marketing;;;;;;
ikea;express scripts;content marketing institute;;;;;;
domino pizza;reverse phone lookup;email marketing services;;;;;;
dow jones;vimeo;franchise marketing agency;;;;;;
tesla motors;liverpool fc;marketing software;;;;;;
gamestop;carrie underwood;ppc marketing;;;;;;
airbnb;thredup;marketing services;;;;;;
coinbase;shoes carnival;marketing concept;;;;;;
credit karma;avis car rental;marketing planning;;;;;;
bitcoin price usd;memphis grizzlies;social media marketing jobs;;;;;;
facebook marketplace;ipad pro;marketing channels;;;;;;
rv gps;habitat for humanity;social media marketing plan;;;;;;
pagespeed insights;tyler the creator;marketing campaign;;;;;;
website builder free;kelly clarkson;what is marketing in business;;;;;;
latest news;whitney houston;marketing and sales;;;;;;
amazon smile;nike outlet;account based marketing;;;;;;
shopify exchange;hardware stores;influencer marketing hub;;;;;;
us department of energy;cedar point;channel marketing;;;;;;
hotel websites;sylvester stallone;marketing agencies;;;;;;
united states president;lord of the rings;internet marketing company;;;;;;
stock market live;cheapest flight;marketing ideas for small business;;;;;;
cryptocurrency;dancing with the stars;content marketing strategy;;;;;;
finance news;silver prices;product marketing manager;;;;;;
